"Tag Number",QTY,"Selling Price"
TN_160001,1,5508.47
TN_160002,1,5508.47
TN_160003,1,5508.47
TN_160004,1,5508.47
TN_160005,1,5508.47
TN_160006,1,5508.47
TN_160007,1,5508.47
TN_160008,1,5508.47
TN_160009,1,5508.47
TN_160010,1,5508.47
TN_160011,1,5508.47
TN_160012,1,5508.47
TN_160013,1,5508.47
TN_160014,1,5508.47
TN_160015,1,5508.47
TN_160016,1,5508.47
TN_160017,1,5508.47
TN_160018,1,5508.47
TN_160019,1,5508.47
TN_160020,1,5508.47
TN_160021,1,5508.47
TN_160022,1,5508.47
TN_160023,1,5508.47
TN_160024,1,5508.47
TN_160025,1,5508.47
TN_160026,1,5508.47
TN_160027,1,5508.47
TN_160028,1,5508.47
TN_160029,1,5508.47
TN_160030,1,5508.47
TN_160031,1,5508.47
TN_160032,1,5508.47
TN_160033,1,5508.47
TN_160034,1,5508.47
7845,1,5508.47
5421,1,5508.47
2545,1,5508.47
3254,1,5508.47
5432,1,5508.47
1258,1,5508.47
4565,1,5508.47
1256,1,5508.47
1584,1,5508.47
6545,1,5508.47
,1,5508.47
8544,1,5508.47
,1,5508.47
,1,5508.47
,1,5508.47
,1,5508.47
,1,5508.47
,1,5508.47
,1,5508.47
,1,5508.47
,1,5508.47
,1,5508.47
,1,5508.47
,1,5508.47
,1,5508.47
,1,5508.47
,1,5508.47
,1,5508.47
,1,5508.47
,1,5508.47
,1,5508.47
,1,5508.47
,1,5508.47
,1,5508.47
,1,5508.47
,1,5508.47
,1,5508.47
,1,5508.47
,1,5508.47
,1,5508.47
,1,5508.47
,1,5508.47
,1,5508.47
,1,5508.47
,1,5508.47
,1,5508.47
,1,5508.47
,1,5508.47
,1,5508.47
,1,5508.47
,1,5508.47
,1,5508.47
,1,5508.47
,1,5508.47
,1,5508.47
,1,5508.47
,1,5508.47
,1,5508.47
,1,5508.47
,1,5508.47
,1,5508.47
,1,5508.47
,1,5508.47
,1,5508.47
,1,5508.47
,1,5508.47
,1,5508.47
TN1212,1,5508.47
TN1213,1,5508.47
TN1214,1,5508.47
TN1215,1,5508.47
TN1216,1,5508.47
,1,5508.47
,1,5508.47
,1,5508.47
,1,5508.47
,1,5508.47
TN_160035,1,5508.47
TN_160036,1,5508.47
TN_160037,1,5508.47
TN_160038,1,5508.47
TN_160039,1,5508.47
TN_160040,1,5508.47
TN_160041,1,5508.47
TN_160042,1,5508.47
TN_160043,1,5508.47
TN_160044,1,5508.47
TN_160045,1,5508.47
TN_160046,1,5508.47
TN_160047,1,5508.47
TN_160048,1,5508.47
TN_160049,1,5508.47
TN_160050,1,5508.47
TN_160051,1,5508.47
TN_160052,1,5508.47
TN_160053,1,5508.47
TN_160054,1,5508.47
TN_160055,1,5508.47
TN_160056,1,5508.47
TN_160057,1,5508.47
TN_160058,1,5508.47
TN_160059,1,5508.47
TN_160060,1,5508.47
TN_160061,1,5508.47
TN_160062,1,5508.47
TN_160063,1,5508.47
TN_160064,1,5508.47
TN_160065,1,5508.47
TN_160066,1,5508.47
TN_160067,1,5508.47
TN_160068,1,5508.47
TN_160069,1,5508.47
TN_160070,1,5508.47
TN_160071,1,5508.47
TN_160072,1,5508.47
TN_160073,1,5508.47
TN_160074,1,5508.47
TN_160075,1,5508.47
TN_160076,1,5508.47
TN_160077,1,5508.47
TN_160078,1,5508.47
TN_160079,1,5508.47
TN_160080,1,5508.47
TN_160081,1,5508.47
TN_160082,1,5508.47
TN_160083,1,5508.47
TN_160084,1,5508.47
TN_160085,1,5508.47
TN_160086,1,5508.47
TN_160087,1,5508.47
TN_160088,1,5508.47
TN_160089,1,5508.47
TN_160090,1,5508.47
TN_160091,1,5508.47
TN_160092,1,5508.47
TN_160093,1,5508.47
TN_160094,1,5508.47
TN_160095,1,5508.47
TN_160096,1,5508.47
TN_160097,1,5508.47
TN_160098,1,5508.47
TN_160099,1,5508.47
TN_160100,1,5508.47
TN_160101,1,5508.47
TN_160102,1,5508.47
TN_160103,1,5508.47
TN_160104,1,5508.47
TN_160105,1,5508.47
TN_160106,1,5508.47
TN_160107,1,5508.47
TN_160108,1,5508.47
TN_160109,1,5508.47
TN_160110,1,5508.47
TN_160111,1,5508.47
TN_160112,1,5508.47
TN_160113,1,5508.47
TN_160114,1,5508.47
TN_160115,1,5508.47
TN_160116,1,5508.47
TN_160117,1,5508.47
TN_160118,1,5508.47
TN_160119,1,5508.47
TN_160120,1,5508.47
TN_160121,1,5508.47
TN_160122,1,5508.47
TN_160123,1,5508.47
TN_160124,1,5508.47
TN_160125,1,5508.47
TN_160126,1,5508.47
TN_160127,1,5508.47
TN_160128,1,5508.47
TN_160129,1,5508.47
TN_160130,1,5508.47
TN_160131,1,5508.47
TN_160132,1,5508.47
TN_160133,1,5508.47
TN_160134,1,5508.47
TN_160135,1,5508.47
TN_160136,1,5508.47
TN_160137,1,5508.47
TN_160138,1,5508.47
TN_160139,1,5508.47
TN_160140,1,5508.47
TN_160141,1,5508.47
TN_160142,1,5508.47
TN_160143,1,5508.47
TN_160144,1,5508.47
TN_160145,1,5508.47
TN_160146,1,5508.47
TN_160147,1,5508.47
TN_160148,1,5508.47
TN_160149,1,5508.47
TN_160150,1,5508.47
TN_160151,1,5508.47
TN_160152,1,5508.47
TN_160153,1,5508.47
TN_160154,1,5508.47
TN_160155,1,5508.47
TN_160156,1,5508.47
TN_160157,1,5508.47
TN_160158,1,5508.47
TN_160159,1,5508.47
TN_160160,1,5508.47
TN_160161,1,5508.47
TN_160162,1,5508.47
TN_160163,1,5508.47
TN_160164,1,5508.47
TN_160165,1,5508.47
TN_160166,1,5508.47
TN_160167,1,5508.47
TN_160168,1,5508.47
TN_160169,1,5508.47
TN_160170,1,5508.47
TN_160171,1,5508.47
TN_160172,1,5508.47
TN_160173,1,5508.47
TN_160174,1,5508.47
TN_160175,1,5508.47
TN_160176,1,5508.47
TN_160177,1,5508.47
TN_160178,1,5508.47
TN_160179,1,5508.47
TN_160180,1,5508.47
TN_160181,1,5508.47
TN_160182,1,5508.47
TN_160183,1,5508.47
TN_160184,1,5508.47
TN_160185,1,5508.47
TN_160186,1,5508.47
TN_160187,1,5508.47
TN_160188,1,5508.47
TN_160189,1,5508.47
TN_160190,1,5508.47
TN_160191,1,5508.47
TN_160192,1,5508.47
TN_160193,1,5508.47
TN_160194,1,5508.47
TN_160195,1,5508.47
TN_160196,1,5508.47
TN_160197,1,5508.47
TN_160198,1,5508.47
TN_160199,1,5508.47
TN_160200,1,5508.47
TN_160201,1,5508.47
TN_160202,1,5508.47
TN_160203,1,5508.47
TN_160204,1,5508.47
TN_160205,1,5508.47
TN_160206,1,5508.47
TN_160207,1,5508.47
TN_160208,1,5508.47
TN_160209,1,5508.47
TN_160210,1,5508.47
TN_160211,1,5508.47
TN_160212,1,5508.47
TN_160213,1,5508.47
TN_160214,1,5508.47
TN_160215,1,5508.47
TN_160216,1,5508.47
TN_160217,1,5508.47
TN_160218,1,5508.47
TN_160219,1,5508.47
TN_160220,1,5508.47
TN_160221,1,5508.47
TN_160222,1,5508.47
TN_160223,1,5508.47
TN_160224,1,5508.47
TN_160225,1,5508.47
TN_160226,1,5508.47
TN_160227,1,5508.47
TN_160228,1,5508.47
TN_160229,1,5508.47
TN_160230,1,5508.47
TN_160231,1,5508.47
TN_160232,1,5508.47
TN_160233,1,5508.47
TN_160234,1,5508.47
TN_160235,1,5508.47
TN_160236,1,5508.47
TN_160237,1,5508.47
TN_160238,1,5508.47
TN_160239,1,5508.47
TN_160240,1,5508.47
TN_160241,1,5508.47
TN_160242,1,5508.47
TN_160243,1,5508.47
TN_160244,1,5508.47
TN_160245,1,5508.47
TN_160246,1,5508.47
TN_160247,1,5508.47
TN_160248,1,5508.47
TN_160249,1,5508.47
TN_160250,1,5508.47
TN_160251,1,5508.47
TN_160252,1,5508.47
TN_160253,1,5508.47
TN_160254,1,5508.47
TN_160255,1,5508.47
TN_160256,1,5508.47
TN_160257,1,5508.47
TN_160258,1,5508.47
TN_160259,1,5508.47
TN_160260,1,5508.47
TN_160261,1,5508.47
TN_160262,1,5508.47
TN_160263,1,5508.47
TN_160264,1,5508.47
